0.0,0.01,0.02,0.03,0.04,0.05,0.06,0.07,0.08,0.09,0.1,0.11,0.12,0.13,0.14,0.15,0.16,0.17,0.18,0.19,0.2,0.21,0.22,0.23,0.24,0.25,0.26,0.27,0.28,0.29,0.3,0.31,0.32,0.33,0.34,0.35,0.36,0.37,0.38,0.39,0.4,0.41,0.42,0.43,0.44,0.45,0.46,0.47,0.48,0.49,0.5,0.51,0.52,0.53,0.54,0.55,0.56,0.57,0.58,0.59,0.6,0.61,0.62,0.63,0.64,0.65,0.66,0.67,0.68,0.69,0.7,0.71,0.72,0.73,0.74,0.75,0.76,0.77,0.78,0.79,0.8,0.81,0.82,0.83,0.84,0.85,0.86,0.87,0.88,0.89,0.9,0.91,0.92,0.93,0.94,0.95,0.96,0.97,0.98,0.99,1.0
0.0,0.0,8.0e-5,0.0,0.0,0.0,4.0e-5,0.0,4.0e-5,0.00014000000000000001,8.0e-5,4.0e-5,4.0e-5,4.0e-5,0.0,4.0e-5,4.0e-5,0.0,0.0,4.0e-5,0.0001,0.0,0.00016,0.0,0.0,4.0e-5,0.0,0.0,4.0e-5,0.0,4.0e-5,8.0e-5,4.0e-5,0.0,8.0e-5,4.0e-5,0.0,4.0e-5,0.0,4.0e-5,8.0e-5,0.0,0.0,0.0,4.0e-5,0.0,0.0,0.0,8.0e-5,4.0e-5,4.0e-5,0.0,0.0001,0.0,4.0e-5,4.0e-5,8.0e-5,0.0009866666666666665,4.0e-5,4.0e-5,4.0e-5,0.00044,0.0011666666666666665,0.0023076666666666666,0.003118333333333333,0.008553079365079366,0.011493999999999999,0.014036380952380953,0.019335333333333336,0.03459933333333333,0.041415380952380954,0.045718666666666664,0.06680252380952381,0.07751166666666667,0.07844533333333334,0.06780066666666668,0.05748,0.056560000000000006,0.05506,0.054799999999999995,0.054759999999999996,0.05272,0.05210000000000001,0.05208000000000001,0.05116999999999999,0.051070000000000004,0.05058000000000001,0.05058000000000001,0.0501,0.04971999999999999,0.04971999999999999,0.049409999999999996,0.04949999999999999,0.04945999999999999,0.04941999999999999,0.04941999999999999,0.04937999999999999,0.04937999999999999,0.04945999999999999,0.04958,0.04941999999999999
0.0,4.0e-5,8.0e-5,0.0,0.0,4.0e-5,4.0e-5,4.0e-5,0.0,4.0e-5,4.0e-5,4.0e-5,4.0e-5,0.0,0.0,0.00012000000000000002,0.0,0.00012000000000000002,4.0e-5,4.0e-5,8.0e-5,0.0,8.0e-5,0.0001,8.0e-5,4.0e-5,4.0e-5,0.00017999999999999998,8.0e-5,4.0e-5,4.0e-5,4.0e-5,0.00018,0.0,0.00012000000000000002,0.0,8.0e-5,4.0e-5,4.0e-5,4.0e-5,8.0e-5,0.00012000000000000002,0.0,4.0e-5,4.0e-5,8.0e-5,0.00014000000000000001,8.0e-5,4.0e-5,8.0e-5,4.0e-5,0.0,4.0e-5,0.00012000000000000002,0.00010999999999999999,8.0e-5,0.00012000000000000002,0.00017999999999999998,0.0013933333333333332,0.0012166666666666667,0.0007316666666666666,0.004108666666666667,0.01556242857142857,0.021767055555555553,0.025458137685664274,0.040661944444444445,0.07305930158730159,0.08237254761904762,0.10510544877344877,0.12358436507936507,0.137418,0.06695000000000001,0.06354000000000001,0.06136,0.06094,0.06094,0.05752,0.05668000000000001,0.0551,0.05472,0.054759999999999996,0.05276,0.052140000000000006,0.05212000000000001,0.051250000000000004,0.051109999999999996,0.0507,0.05058000000000001,0.05022,0.04968,0.04971999999999999,0.04952999999999999,0.04941999999999999,0.04937999999999999,0.04941999999999999,0.04937999999999999,0.04945999999999999,0.04945999999999999,0.04945999999999999,0.04949999999999999,0.04941999999999999
0.0,0.00016,0.0,0.00012000000000000002,0.00018,0.00011999999999999999,0.0,8.0e-5,0.00014000000000000001,4.0e-5,8.0e-5,4.0e-5,0.0,8.0e-5,0.00012000000000000002,8.0e-5,4.0e-5,0.00016,0.00014000000000000001,8.0e-5,0.0,0.00016,4.0e-5,8.0e-5,4.0e-5,0.00016,0.00012000000000000002,4.0e-5,4.0e-5,4.0e-5,4.0e-5,4.0e-5,4.0e-5,4.0e-5,0.00012000000000000002,4.0e-5,4.0e-5,4.0e-5,4.0e-5,4.0e-5,0.00012000000000000002,0.00012000000000000002,0.00021999999999999998,8.0e-5,4.0e-5,8.0e-5,8.0e-5,0.00031999999999999997,4.0e-5,0.00012000000000000002,0.00017999999999999998,0.0,0.00016,4.0e-5,0.0,0.00012000000000000002,0.00026000000000000003,0.0018866666666666667,0.00213,0.002889333333333333,0.0065439761904761895,0.017127801587301587,0.043746552045993224,0.0976144474969475,0.10842444272394272,0.15430921428571429,0.1777184841269841,0.19509144444444443,0.12374366666666665,0.07271999999999999,0.07085000000000001,0.06707,0.06346,0.06132,0.061020000000000005,0.06094,0.0574,0.05664,0.05506,0.05488,0.05484,0.0528,0.05222,0.052160000000000005,0.05133,0.05111,0.0507,0.0507,0.05022,0.0498,0.049679999999999995,0.04948999999999999,0.04949999999999999,0.04941999999999999,0.04945999999999999,0.04945999999999999,0.049499999999999995,0.04941999999999999,0.049499999999999995,0.04941999999999999,0.04937999999999999
0.0,4.0e-5,0.00012000000000000002,0.00011999999999999999,0.00019999999999999998,8.0e-5,0.00018,0.00014000000000000001,8.0e-5,0.0001,8.0e-5,8.0e-5,0.0002,4.0e-5,0.00015999999999999999,0.00012000000000000002,0.00016,8.0e-5,8.0e-5,4.0e-5,8.0e-5,0.00018,4.0e-5,4.0e-5,0.00020000000000000004,0.00016,0.00012000000000000002,0.00020000000000000004,0.0,0.00016,8.0e-5,4.0e-5,0.00018,0.0002,4.0e-5,0.00012000000000000002,0.00016,0.00018,4.0e-5,4.0e-5,0.00014,0.00016,0.00021999999999999998,8.0e-5,8.0e-5,8.0e-5,0.00024000000000000003,0.00012000000000000002,4.0e-5,2.0e-5,8.0e-5,8.0e-5,0.00012000000000000002,0.00157,0.0009699999999999999,0.00033666666666666665,0.0004,0.0023722857142857144,0.006639333333333334,0.01227765512265512,0.03888236477248242,0.18833321968952607,0.21980999544899543,0.23504397763347765,0.24613676190476189,0.2561353333333333,0.08485666666666666,0.07353,0.07345,0.07288,0.07089000000000001,0.06715,0.0635,0.06144,0.060980000000000006,0.061020000000000005,0.0576,0.056799999999999996,0.055099999999999996,0.05483999999999999,0.05483999999999999,0.052879999999999996,0.05222,0.05220000000000001,0.05129,0.05106999999999999,0.05074,0.050780000000000006,0.05022,0.04971999999999999,0.04988000000000001,0.04961,0.04945999999999999,0.04949999999999999,0.049539999999999994,0.04962,0.04946,0.04941999999999999,0.0495,0.04958,0.04946
0.0,8.0e-5,0.0002,0.00012000000000000002,0.00012000000000000002,0.00020000000000000004,0.00026,8.0e-5,8.0e-5,4.0e-5,0.00033999999999999997,4.0e-5,8.0e-5,0.00024000000000000003,0.00012000000000000002,0.00020000000000000004,0.00016,0.00018,8.0e-5,0.00012000000000000002,0.00019999999999999998,0.00016,0.00024000000000000003,0.00012000000000000002,0.00024,0.00012000000000000002,0.00019999999999999998,0.00016,0.00016,0.0,0.00019999999999999998,0.00016,0.00026,0.00016,0.00016,0.00012000000000000002,0.00016,8.0e-5,0.0002,8.0e-5,0.0001,0.00016,0.00012000000000000002,0.00024000000000000003,0.0002,0.00024,8.0e-5,0.0002,0.0002,0.00016,0.00012000000000000002,0.00014000000000000001,0.00022000000000000003,0.00073,0.0018766666666666667,8.0e-5,0.0018633333333333332,0.006435380952380953,0.014832836663336665,0.22181752295656512,0.30903728914626827,0.31671173881673875,0.2771385634920635,0.09409666666666666,0.08796666666666667,0.08503666666666665,0.08481666666666668,0.07345,0.07357,0.07275999999999999,0.07089000000000001,0.06711,0.0635,0.06148,0.06114,0.06102,0.05756,0.05672,0.05518,0.05492,0.05492,0.05284,0.052180000000000004,0.05232,0.05133,0.05107,0.05070000000000001,0.0507,0.05022,0.049920000000000006,0.04988000000000001,0.049449999999999994,0.04953999999999999,0.049539999999999994,0.049460000000000004,0.04954,0.04958,0.0495,0.04953999999999999,0.049499999999999995,0.0495
0.0,0.0002,0.00012000000000000002,0.00030000000000000003,0.00016,0.00033999999999999997,0.00016,0.00032,0.00016,0.00016,0.00023999999999999998,0.00033999999999999997,0.00024000000000000003,0.00026,0.00012000000000000002,0.00012000000000000002,8.0e-5,0.00019999999999999998,0.00018,0.00012000000000000002,0.0001,0.00021999999999999998,0.00016,0.00026,8.0e-5,0.00024000000000000003,0.00028,0.00020000000000000004,0.00015999999999999999,8.0e-5,0.00017999999999999998,0.00016,0.00016,8.0e-5,0.00012000000000000002,0.00016,0.00024000000000000003,8.0e-5,0.00033999999999999997,0.00016,0.0002,0.00022,0.00020000000000000004,8.0e-5,0.00033999999999999997,0.00024000000000000003,0.00024000000000000003,0.00024000000000000003,0.00016,0.00026000000000000003,0.00038,0.00018,8.0e-5,0.00033999999999999997,0.00023,0.0020866666666666664,0.006246999999999999,0.33091930716494855,0.43172282121146827,0.3979576488511488,0.3228821904761905,0.154752,0.10064666666666666,0.09409666666666665,0.08800666666666666,0.08511666666666667,0.08493666666666666,0.07353,0.07345,0.07284,0.07093,0.06715,0.06345999999999999,0.061560000000000004,0.061059999999999996,0.0611,0.05764,0.05668,0.055139999999999995,0.05487999999999999,0.05488,0.052919999999999995,0.05234,0.05224,0.05141,0.051190000000000006,0.05078,0.05074,0.0503,0.04976,0.05,0.04956999999999999,0.04966,0.04954,0.04961999999999999,0.049580000000000006,0.049579999999999985,0.04954,0.04962,0.0495,0.049699999999999994
0.0,0.00016,0.00012000000000000002,0.00024,0.0002,4.0e-5,0.00026,0.00016,0.00023999999999999998,0.0002,8.0e-5,0.00028,0.00020000000000000004,0.00026000000000000003,0.00024,0.00020000000000000004,0.00043999999999999996,8.0e-5,0.0003,0.0002,0.00016,0.00016,0.00020000000000000004,0.00016,0.00023999999999999998,0.00019999999999999998,0.00012000000000000002,0.00028,0.00020000000000000004,0.00028000000000000003,0.00019999999999999998,0.00024000000000000003,0.00028000000000000003,0.00016,0.0003,0.00033999999999999997,0.00016,0.00021999999999999998,4.0e-5,0.00028,0.0003,0.00028000000000000003,0.00016,0.0002,8.0e-5,0.00015999999999999999,0.00026,0.00016,0.00012000000000000002,0.00012000000000000002,0.00030000000000000003,0.00033999999999999997,0.00024000000000000003,0.00107,0.0008366666666666665,0.23437053143856174,0.5447848626814363,0.46695480297480296,0.1849635238095238,0.11862333333333336,0.11854333333333333,0.10565333333333335,0.10060666666666666,0.09405666666666666,0.08804666666666666,0.08495666666666665,0.08505666666666667,0.07361000000000001,0.07353,0.07276,0.07097,0.06711,0.06366,0.06151999999999999,0.06118,0.061059999999999996,0.05756,0.056720000000000007,0.055139999999999995,0.054959999999999995,0.05488,0.05304000000000001,0.05226,0.052160000000000005,0.051329999999999994,0.051109999999999996,0.05078,0.0507,0.0503,0.049879999999999994,0.049920000000000006,0.04969,0.04954,0.04945999999999999,0.04958,0.0495,0.04962,0.04958,0.0495,0.04962,0.04949999999999999
0.0,0.00028,0.00026,0.00026000000000000003,0.00028,8.0e-5,0.00032,0.00024000000000000003,0.0002,0.00019999999999999998,0.00028000000000000003,0.00023999999999999998,0.00016,0.00012000000000000002,0.00012000000000000002,0.00033999999999999997,8.0e-5,0.00031999999999999997,0.00016,8.0e-5,8.0e-5,0.0003,0.00020000000000000004,0.0002,0.00032,0.00026,0.00012000000000000002,0.00020000000000000004,0.0002,0.00031999999999999997,0.00028000000000000003,0.00024,0.00024000000000000003,0.00032,0.00028,0.00020000000000000004,0.00021999999999999998,0.0002,8.0e-5,0.00028,0.00012000000000000002,0.00024,0.00024,0.00028,0.00012000000000000002,0.00028,0.00033999999999999997,0.0002,0.00012000000000000002,0.00022000000000000003,0.00031999999999999997,0.00038,0.00052,0.8290680427159852,0.6058185021011839,0.5022838015873016,0.2805105173160173,0.13692000000000001,0.12645333333333333,0.11854333333333333,0.11866333333333334,0.10573333333333333,0.10064666666666666,0.09421666666666666,0.08800666666666666,0.08499666666666666,0.08497666666666667,0.07365000000000001,0.07348999999999999,0.07284,0.07097,0.06723,0.06362,0.06148000000000001,0.06118,0.061059999999999996,0.05764,0.056960000000000004,0.055139999999999995,0.054959999999999995,0.05492,0.05276,0.052419999999999994,0.05228,0.05137,0.051190000000000006,0.05078,0.05074000000000001,0.0503,0.049839999999999995,0.05,0.04973,0.04954,0.04962,0.049499999999999995,0.049659999999999996,0.04954,0.04954,0.0495,0.04966,0.04962
0.0,0.00016,0.00023999999999999998,0.00028000000000000003,0.00020000000000000004,0.00012000000000000002,0.00028,0.00024000000000000003,0.00037999999999999997,0.00031999999999999997,0.00018,0.00016,0.00028000000000000003,0.00015999999999999999,0.00037999999999999997,0.00012000000000000002,0.00042,0.00026000000000000003,0.00024,0.00031999999999999997,0.00012000000000000002,0.00024000000000000003,0.00026,0.00054,0.00028000000000000003,0.00024000000000000003,0.00033999999999999997,0.00024000000000000003,0.00028000000000000003,0.00016,0.00020000000000000004,0.00028,0.00031999999999999997,0.00037999999999999997,0.00028,0.00032,0.00016,0.00012000000000000002,0.00033999999999999997,0.00016,0.00028,0.00033999999999999997,0.00030000000000000003,0.00039999999999999996,0.00028000000000000003,0.00023999999999999998,0.00024,0.0005,0.00039999999999999996,0.00034,0.00022,0.18833819336385263,0.7045692468250704,0.4743974538239538,0.22817900000000002,0.15016333333333334,0.14050333333333334,0.137,0.12653333333333333,0.11854333333333333,0.11858333333333335,0.10569333333333333,0.10080666666666666,0.09409666666666666,0.08820666666666666,0.08507666666666666,0.08509666666666667,0.07361,0.07357,0.07284,0.07117,0.06723,0.06362000000000001,0.061560000000000004,0.06114,0.06133999999999999,0.05764,0.056760000000000005,0.055220000000000005,0.05504,0.055,0.05312000000000001,0.0525,0.05236,0.05129,0.05131,0.05086,0.05086,0.05022,0.04988000000000001,0.04988000000000001,0.04985,0.049780000000000005,0.04954,0.049620000000000004,0.049620000000000004,0.04953999999999999,0.049620000000000004,0.049699999999999994,0.04958,0.04957999999999999
