F0/θ, 0.100000, 0.103213, 0.106426, 0.109639, 0.112851, 0.116064, 0.119277, 0.122490, 0.125703, 0.128916, 0.132129, 0.135341, 0.138554, 0.141767, 0.144980, 0.148193, 0.151406, 0.154618, 0.157831, 0.161044, 0.164257, 0.167470, 0.170683, 0.173896, 0.177108, 0.180321, 0.183534, 0.186747, 0.189960, 0.193173, 0.196386, 0.199598, 0.202811, 0.206024, 0.209237, 0.212450, 0.215663, 0.218876, 0.222088, 0.225301, 0.228514, 0.231727, 0.234940, 0.238153, 0.241365, 0.244578, 0.247791, 0.251004, 0.254217, 0.257430, 0.260643, 0.263855, 0.267068, 0.270281, 0.273494, 0.276707, 0.279920, 0.283133, 0.286345, 0.289558, 0.292771, 0.295984, 0.299197, 0.302410, 0.305622, 0.308835, 0.312048, 0.315261, 0.318474, 0.321687, 0.324900, 0.328112, 0.331325, 0.334538, 0.337751, 0.340964, 0.344177, 0.347390, 0.350602, 0.353815, 0.357028, 0.360241, 0.363454, 0.366667, 0.369880, 0.373092, 0.376305, 0.379518, 0.382731, 0.385944, 0.389157, 0.392369, 0.395582, 0.398795, 0.402008, 0.405221, 0.408434, 0.411647, 0.414859, 0.418072, 0.421285, 0.424498, 0.427711, 0.430924, 0.434137, 0.437349, 0.440562, 0.443775, 0.446988, 0.450201, 0.453414, 0.456627, 0.459839, 0.463052, 0.466265, 0.469478, 0.472691, 0.475904, 0.479116, 0.482329, 0.485542, 0.488755, 0.491968, 0.495181, 0.498394, 0.501606, 0.504819, 0.508032, 0.511245, 0.514458, 0.517671, 0.520884, 0.524096, 0.527309, 0.530522, 0.533735, 0.536948, 0.540161, 0.543373, 0.546586, 0.549799, 0.553012, 0.556225, 0.559438, 0.562651, 0.565863, 0.569076, 0.572289, 0.575502, 0.578715, 0.581928, 0.585141, 0.588353, 0.591566, 0.594779, 0.597992, 0.601205, 0.604418, 0.607631, 0.610843, 0.614056, 0.617269, 0.620482, 0.623695, 0.626908, 0.630120, 0.633333, 0.636546, 0.639759, 0.642972, 0.646185, 0.649398, 0.652610, 0.655823, 0.659036, 0.662249, 0.665462, 0.668675, 0.671888, 0.675100, 0.678313, 0.681526, 0.684739, 0.687952, 0.691165, 0.694378, 0.697590, 0.700803, 0.704016, 0.707229, 0.710442, 0.713655, 0.716867, 0.720080, 0.723293, 0.726506, 0.729719, 0.732932, 0.736145, 0.739357, 0.742570, 0.745783, 0.748996, 0.752209, 0.755422, 0.758635, 0.761847, 0.765060, 0.768273, 0.771486, 0.774699, 0.777912, 0.781124, 0.784337, 0.787550, 0.790763, 0.793976, 0.797189, 0.800402, 0.803614, 0.806827, 0.810040, 0.813253, 0.816466, 0.819679, 0.822892, 0.826104, 0.829317, 0.832530, 0.835743, 0.838956, 0.842169, 0.845382, 0.848594, 0.851807, 0.855020, 0.858233, 0.861446, 0.864659, 0.867871, 0.871084, 0.874297, 0.877510, 0.880723, 0.883936, 0.887149, 0.890361, 0.893574, 0.896787, 0.900000
0.100000, 0.051967, 0.052133, 0.052067, 0.052067, 0.052267, 0.052200, 0.052200, 0.052200, 0.052533, 0.052533, 0.052533, 0.052533, 0.052533, 0.052533, 0.053067, 0.053067, 0.053067, 0.053067, 0.053067, 0.053133, 0.053067, 0.053967, 0.053967, 0.053967, 0.053967, 0.053967, 0.054367, 0.054367, 0.054433, 0.054433, 0.054433, 0.054433, 0.056033, 0.056033, 0.056033, 0.056067, 0.056167, 0.056167, 0.056167, 0.057167, 0.057167, 0.057867, 0.057867, 0.057867, 0.057867, 0.057867, 0.057867, 0.061767, 0.061767, 0.061767, 0.061767, 0.061833, 0.062267, 0.062267, 0.064233, 0.064167, 0.064233, 0.064233, 0.067800, 0.067800, 0.067800, 0.068000, 0.068000, 0.071067, 0.071067, 0.073333, 0.073333, 0.073767, 0.073867, 0.073867, 0.073867, 0.073867, 0.073867, 0.085533, 0.085533, 0.085533, 0.085533, 0.085533, 0.085633, 0.086333, 0.086333, 0.088933, 0.088933, 0.094700, 0.094933, 0.094933, 0.100867, 0.100867, 0.101033, 0.105433, 0.105867, 0.105867, 0.105867, 0.105867, 0.115967, 0.115967, 0.115967, 0.116233, 0.117400, 0.124100, 0.124733, 0.124733, 0.124733, 0.133400, 0.133400, 0.133600, 0.137167, 0.137167, 0.146700, 0.147567, 0.147567, 0.156267, 0.156367, 0.162967, 0.162967, 0.168633, 0.171833, 0.173800, 0.175000, 0.175200, 0.175233, 0.175233, 0.175233, 0.175233, 0.175233, 0.226267, 0.226267, 0.226200, 0.226267, 0.226267, 0.226200, 0.226700, 0.230400, 0.234600, 0.241533, 0.250133, 0.250433, 0.261500, 0.262467, 0.275200, 0.275233, 0.280000, 0.295767, 0.296033, 0.307800, 0.310500, 0.310733, 0.332833, 0.332167, 0.334033, 0.342733, 0.358533, 0.367400, 0.373000, 0.375033, 0.379033, 0.410400, 0.410200, 0.417233, 0.421133, 0.439333, 0.452367, 0.468300, 0.460767, 0.503700, 0.507600, 0.511567, 0.569800, 0.561133, 0.593933, 0.618267, 0.638867, 0.670933, 0.694367, 0.739800, 0.708300, 0.719733, 0.906533, 0.854200, 0.948067, 0.921667, 0.930533, 1.011767, 1.064500, 1.140967, 1.060800, 0.734733, 1.286967, 0.567867, 1.067867, 0.590533, 0.727633, 0.064233, 0.345567, 0.064233, 0.205400, 0.062333, 0.062333, 0.061900, 0.061833, 0.061833, 0.061833, 0.061833, 0.057867, 0.057933, 0.057933, 0.057933, 0.057933, 0.057933, 0.057233, 0.057233, 0.056233, 0.056233, 0.056167, 0.056133, 0.056100, 0.056100, 0.056100, 0.054433, 0.054433, 0.054500, 0.054500, 0.054433, 0.054433, 0.054033, 0.054033, 0.054033, 0.054033, 0.054033, 0.053133, 0.053133, 0.053133, 0.053133, 0.053133, 0.053133, 0.053133, 0.052600, 0.052600, 0.052600, 0.052600, 0.052600, 0.052600, 0.052267, 0.052267, 0.052267, 0.052267, 0.052133, 0.052133, 0.052133, 0.052133
0.155556, 0.051967, 0.052067, 0.052067, 0.052133, 0.052267, 0.052200, 0.052200, 0.052200, 0.052533, 0.052533, 0.052533, 0.052533, 0.052533, 0.052533, 0.053067, 0.053067, 0.053067, 0.053067, 0.053067, 0.053133, 0.053067, 0.053967, 0.053967, 0.053967, 0.053967, 0.053967, 0.054367, 0.054367, 0.054433, 0.054433, 0.054500, 0.054433, 0.056033, 0.056033, 0.056033, 0.056067, 0.056167, 0.056167, 0.056233, 0.057167, 0.057167, 0.057867, 0.057867, 0.057867, 0.057867, 0.057867, 0.057867, 0.061767, 0.061767, 0.061767, 0.061767, 0.061833, 0.062267, 0.062267, 0.064167, 0.064167, 0.064233, 0.064233, 0.067800, 0.067800, 0.067800, 0.068000, 0.068000, 0.071067, 0.071067, 0.073333, 0.073333, 0.073767, 0.073867, 0.073867, 0.073867, 0.073867, 0.073867, 0.085600, 0.085533, 0.085533, 0.085533, 0.085533, 0.085633, 0.086333, 0.086333, 0.088933, 0.088933, 0.094700, 0.094933, 0.094933, 0.100867, 0.100867, 0.101033, 0.105433, 0.105933, 0.105867, 0.105867, 0.105867, 0.116033, 0.115967, 0.115967, 0.116233, 0.117400, 0.124100, 0.124733, 0.124733, 0.124733, 0.133400, 0.133400, 0.133600, 0.137167, 0.137167, 0.146700, 0.147567, 0.147633, 0.156267, 0.156367, 0.162967, 0.162967, 0.168633, 0.171833, 0.173800, 0.175000, 0.175200, 0.175233, 0.175233, 0.175233, 0.175233, 0.175233, 0.226267, 0.226267, 0.226300, 0.226267, 0.226267, 0.226300, 0.226700, 0.230500, 0.234600, 0.241533, 0.250067, 0.250433, 0.261500, 0.262500, 0.275433, 0.276433, 0.280000, 0.295767, 0.298633, 0.307800, 0.311867, 0.312033, 0.333133, 0.333567, 0.334100, 0.344367, 0.361200, 0.370267, 0.380033, 0.391267, 0.380500, 0.420300, 0.415267, 0.428600, 0.439833, 0.464100, 0.495233, 0.558033, 0.542100, 0.572067, 0.662167, 0.692133, 0.734667, 0.839933, 0.800700, 0.859667, 0.887233, 0.934567, 1.005233, 0.997467, 0.997067, 1.068700, 0.995333, 1.033433, 0.530567, 0.554433, 0.309100, 0.436133, 0.073400, 0.206833, 0.071067, 0.071067, 0.068067, 0.068000, 0.067867, 0.067867, 0.067867, 0.064233, 0.064300, 0.064233, 0.064233, 0.062333, 0.062333, 0.061833, 0.061767, 0.061833, 0.061833, 0.061833, 0.057933, 0.057867, 0.057933, 0.057933, 0.057867, 0.057933, 0.057233, 0.057233, 0.056233, 0.056233, 0.056233, 0.056133, 0.056033, 0.056100, 0.056100, 0.054500, 0.054500, 0.054500, 0.054500, 0.054433, 0.054433, 0.053967, 0.053967, 0.053967, 0.054033, 0.054033, 0.053133, 0.053067, 0.053133, 0.053133, 0.053067, 0.053133, 0.053067, 0.052600, 0.052600, 0.052533, 0.052600, 0.052600, 0.052600, 0.052267, 0.052200, 0.052267, 0.052267, 0.052133, 0.052133, 0.052133, 0.052067
0.211111, 0.051967, 0.052067, 0.052067, 0.052067, 0.052200, 0.052200, 0.052200, 0.052200, 0.052533, 0.052533, 0.052533, 0.052600, 0.052533, 0.052600, 0.053067, 0.053067, 0.053067, 0.053067, 0.053067, 0.053067, 0.053067, 0.053967, 0.053967, 0.053967, 0.053967, 0.053967, 0.054367, 0.054367, 0.054433, 0.054500, 0.054433, 0.054433, 0.056033, 0.056033, 0.056033, 0.056067, 0.056167, 0.056167, 0.056167, 0.057167, 0.057233, 0.057867, 0.057867, 0.057867, 0.057867, 0.057867, 0.057867, 0.061833, 0.061767, 0.061767, 0.061767, 0.061833, 0.062267, 0.062267, 0.064167, 0.064167, 0.064233, 0.064233, 0.067800, 0.067867, 0.067800, 0.068000, 0.068000, 0.071067, 0.071067, 0.073333, 0.073400, 0.073767, 0.073933, 0.073867, 0.073867, 0.073867, 0.073867, 0.085600, 0.085533, 0.085600, 0.085533, 0.085533, 0.085633, 0.086400, 0.086333, 0.088933, 0.088933, 0.094700, 0.094933, 0.094933, 0.100867, 0.100867, 0.101033, 0.105500, 0.105867, 0.105867, 0.105867, 0.105867, 0.115967, 0.115967, 0.115967, 0.116233, 0.117467, 0.124100, 0.124800, 0.124733, 0.124733, 0.133400, 0.133400, 0.133600, 0.137167, 0.137167, 0.146700, 0.147567, 0.147567, 0.156267, 0.156433, 0.162967, 0.162967, 0.168633, 0.171833, 0.173867, 0.175000, 0.175200, 0.175233, 0.175233, 0.175233, 0.175233, 0.175233, 0.226200, 0.226200, 0.226200, 0.226267, 0.226267, 0.226267, 0.226700, 0.230400, 0.234533, 0.241467, 0.250133, 0.251633, 0.261500, 0.262467, 0.275133, 0.275433, 0.280067, 0.297867, 0.297200, 0.309267, 0.311533, 0.312833, 0.338767, 0.338100, 0.338467, 0.346367, 0.403733, 0.400733, 0.401900, 0.433500, 0.521233, 0.569367, 0.609000, 0.636500, 0.588667, 0.717833, 0.715300, 0.850667, 0.960200, 1.052867, 1.015767, 1.049733, 0.970300, 1.005433, 0.916000, 0.757567, 0.552367, 0.635933, 0.438500, 0.305667, 0.085533, 0.085600, 0.073867, 0.073933, 0.073933, 0.073867, 0.073933, 0.073833, 0.073333, 0.073400, 0.071133, 0.071133, 0.068067, 0.068067, 0.067867, 0.067867, 0.067800, 0.064300, 0.064300, 0.064233, 0.064233, 0.062267, 0.062333, 0.061900, 0.061833, 0.061833, 0.061833, 0.061767, 0.057933, 0.057933, 0.057867, 0.057933, 0.057933, 0.057933, 0.057233, 0.057233, 0.056233, 0.056233, 0.056233, 0.056133, 0.056100, 0.056100, 0.056100, 0.054500, 0.054500, 0.054433, 0.054433, 0.054367, 0.054433, 0.054033, 0.054033, 0.053967, 0.053967, 0.053967, 0.053133, 0.053133, 0.053067, 0.053133, 0.053133, 0.053133, 0.053067, 0.052600, 0.052600, 0.052600, 0.052600, 0.052600, 0.052600, 0.052200, 0.052267, 0.052200, 0.052267, 0.052133, 0.052067, 0.052067, 0.052133
0.266667, 0.051967, 0.052067, 0.052067, 0.052133, 0.052200, 0.052267, 0.052200, 0.052200, 0.052533, 0.052533, 0.052533, 0.052533, 0.052533, 0.052533, 0.053067, 0.053067, 0.053067, 0.053067, 0.053067, 0.053067, 0.053067, 0.053967, 0.053967, 0.053967, 0.053967, 0.053967, 0.054367, 0.054367, 0.054433, 0.054433, 0.054433, 0.054433, 0.056100, 0.056100, 0.056033, 0.056067, 0.056167, 0.056167, 0.056167, 0.057167, 0.057167, 0.057867, 0.057867, 0.057867, 0.057867, 0.057867, 0.057867, 0.061767, 0.061767, 0.061767, 0.061767, 0.061833, 0.062267, 0.062267, 0.064167, 0.064167, 0.064233, 0.064300, 0.067800, 0.067800, 0.067867, 0.068000, 0.068000, 0.071067, 0.071067, 0.073333, 0.073333, 0.073767, 0.073933, 0.073867, 0.073867, 0.073867, 0.073867, 0.085533, 0.085533, 0.085600, 0.085533, 0.085533, 0.085633, 0.086400, 0.086400, 0.088933, 0.088933, 0.094767, 0.094933, 0.094933, 0.100933, 0.100933, 0.101033, 0.105433, 0.105867, 0.105933, 0.105867, 0.105867, 0.115967, 0.115967, 0.115967, 0.116233, 0.117400, 0.124167, 0.124733, 0.124733, 0.124733, 0.133467, 0.133400, 0.133600, 0.137167, 0.137167, 0.146767, 0.147567, 0.147633, 0.156267, 0.156367, 0.162967, 0.163033, 0.168633, 0.171833, 0.173800, 0.175000, 0.175200, 0.175233, 0.175233, 0.175233, 0.175233, 0.175300, 0.226367, 0.226267, 0.226267, 0.226200, 0.226267, 0.226267, 0.226700, 0.230333, 0.234533, 0.241467, 0.251300, 0.250367, 0.262033, 0.263167, 0.275933, 0.276100, 0.280967, 0.297200, 0.298533, 0.308133, 0.341067, 0.330700, 0.471767, 0.345200, 0.522000, 0.530000, 0.641467, 0.694467, 0.757867, 0.940733, 0.913400, 1.016667, 1.004833, 0.842033, 1.081133, 0.685400, 0.614500, 0.717033, 0.599167, 0.094933, 0.094933, 0.094767, 0.089000, 0.088933, 0.086333, 0.086400, 0.085633, 0.085533, 0.085600, 0.085600, 0.085533, 0.085600, 0.073867, 0.073933, 0.073933, 0.073933, 0.073933, 0.073767, 0.073333, 0.073333, 0.071133, 0.071067, 0.068000, 0.068067, 0.067800, 0.067800, 0.067867, 0.064300, 0.064300, 0.064167, 0.064167, 0.062267, 0.062267, 0.061833, 0.061767, 0.061833, 0.061833, 0.061767, 0.057933, 0.057933, 0.057933, 0.057933, 0.057933, 0.057933, 0.057233, 0.057233, 0.056167, 0.056233, 0.056167, 0.056133, 0.056100, 0.056100, 0.056100, 0.054500, 0.054500, 0.054500, 0.054433, 0.054367, 0.054367, 0.054033, 0.053967, 0.053967, 0.054033, 0.054033, 0.053133, 0.053067, 0.053133, 0.053133, 0.053133, 0.053133, 0.053133, 0.052600, 0.052600, 0.052600, 0.052600, 0.052600, 0.052600, 0.052200, 0.052200, 0.052267, 0.052200, 0.052133, 0.052133, 0.052067, 0.052067
0.322222, 0.052033, 0.052133, 0.052067, 0.052067, 0.052200, 0.052200, 0.052200, 0.052200, 0.052533, 0.052533, 0.052533, 0.052533, 0.052533, 0.052533, 0.053067, 0.053067, 0.053067, 0.053133, 0.053067, 0.053133, 0.053067, 0.053967, 0.053967, 0.054033, 0.053967, 0.054033, 0.054367, 0.054367, 0.054433, 0.054433, 0.054500, 0.054433, 0.056100, 0.056033, 0.056033, 0.056067, 0.056167, 0.056233, 0.056167, 0.057167, 0.057167, 0.057933, 0.057867, 0.057867, 0.057867, 0.057867, 0.057867, 0.061767, 0.061767, 0.061767, 0.061767, 0.061833, 0.062267, 0.062267, 0.064167, 0.064167, 0.064233, 0.064233, 0.067800, 0.067800, 0.067800, 0.068000, 0.068000, 0.071067, 0.071067, 0.073333, 0.073333, 0.073767, 0.073933, 0.073933, 0.073867, 0.073867, 0.073867, 0.085533, 0.085600, 0.085533, 0.085600, 0.085533, 0.085633, 0.086333, 0.086400, 0.088933, 0.088933, 0.094700, 0.094933, 0.094933, 0.100933, 0.100867, 0.101100, 0.105433, 0.105867, 0.105933, 0.105867, 0.105933, 0.115967, 0.115967, 0.115967, 0.116233, 0.117400, 0.124100, 0.124800, 0.124733, 0.124733, 0.133400, 0.133400, 0.133667, 0.137167, 0.137167, 0.146767, 0.147567, 0.147567, 0.156267, 0.156367, 0.162967, 0.162967, 0.168633, 0.171833, 0.173800, 0.175000, 0.175200, 0.175233, 0.175233, 0.175233, 0.175233, 0.175233, 0.226267, 0.226300, 0.226200, 0.226967, 0.226267, 0.226200, 0.227367, 0.230333, 0.236533, 0.241467, 0.250133, 0.250367, 0.262233, 0.262833, 0.277367, 0.337767, 0.334433, 0.486300, 0.435967, 0.536200, 0.743033, 0.857500, 0.869133, 0.867800, 0.942600, 0.914833, 0.849600, 0.707633, 0.307967, 0.623700, 0.412467, 0.105933, 0.105867, 0.210933, 0.105867, 0.105500, 0.101100, 0.100867, 0.100867, 0.095000, 0.094933, 0.094700, 0.089000, 0.088933, 0.086333, 0.086400, 0.085633, 0.085600, 0.085533, 0.085600, 0.085600, 0.085600, 0.073867, 0.073933, 0.073933, 0.073867, 0.073867, 0.073833, 0.073333, 0.073333, 0.071133, 0.071133, 0.068067, 0.068067, 0.067800, 0.067800, 0.067867, 0.064233, 0.064233, 0.064233, 0.064233, 0.062267, 0.062333, 0.061833, 0.061833, 0.061833, 0.061833, 0.061833, 0.057867, 0.057867, 0.057933, 0.057933, 0.057867, 0.057933, 0.057167, 0.057233, 0.056233, 0.056167, 0.056233, 0.056133, 0.056100, 0.056100, 0.056033, 0.054500, 0.054500, 0.054500, 0.054433, 0.054433, 0.054367, 0.053967, 0.054033, 0.054033, 0.054033, 0.054033, 0.053067, 0.053133, 0.053067, 0.053067, 0.053067, 0.053133, 0.053133, 0.052600, 0.052600, 0.052533, 0.052533, 0.052533, 0.052533, 0.052200, 0.052267, 0.052267, 0.052200, 0.052067, 0.052133, 0.052067, 0.052067
0.377778, 0.051967, 0.052133, 0.052067, 0.052133, 0.052267, 0.052200, 0.052200, 0.052267, 0.052600, 0.052533, 0.052533, 0.052533, 0.052600, 0.052533, 0.053067, 0.053133, 0.053067, 0.053067, 0.053067, 0.053067, 0.053067, 0.054033, 0.053967, 0.053967, 0.053967, 0.053967, 0.054433, 0.054367, 0.054433, 0.054433, 0.054500, 0.054433, 0.056033, 0.056033, 0.056033, 0.056067, 0.056233, 0.056167, 0.056167, 0.057167, 0.057167, 0.057867, 0.057867, 0.057867, 0.057867, 0.057867, 0.057867, 0.061833, 0.061767, 0.061767, 0.061767, 0.061833, 0.062267, 0.062267, 0.064167, 0.064233, 0.064233, 0.064233, 0.067800, 0.067800, 0.067800, 0.068000, 0.068067, 0.071133, 0.071067, 0.073333, 0.073400, 0.073767, 0.073867, 0.073933, 0.073933, 0.073867, 0.073867, 0.085533, 0.085600, 0.085533, 0.085533, 0.085533, 0.085633, 0.086333, 0.086333, 0.088933, 0.088933, 0.094700, 0.095000, 0.094933, 0.100867, 0.100933, 0.101033, 0.105433, 0.105867, 0.105933, 0.105867, 0.105867, 0.115967, 0.116033, 0.115967, 0.116233, 0.117400, 0.124167, 0.124733, 0.124733, 0.124733, 0.133467, 0.133467, 0.133600, 0.137233, 0.137167, 0.146767, 0.147633, 0.147633, 0.156333, 0.156433, 0.162967, 0.162967, 0.168633, 0.171833, 0.173800, 0.175000, 0.175200, 0.175300, 0.175233, 0.175233, 0.175300, 0.175233, 0.226200, 0.226200, 0.226200, 0.226367, 0.226300, 0.296767, 0.226633, 0.246267, 0.238400, 0.272267, 0.573400, 0.560467, 0.674900, 0.733733, 0.780533, 0.845933, 0.821300, 0.873600, 0.941133, 0.862833, 0.790700, 0.414800, 0.224433, 0.217967, 0.124733, 0.124100, 0.117467, 0.116300, 0.115967, 0.115967, 0.115967, 0.105867, 0.105933, 0.105933, 0.105867, 0.105433, 0.101100, 0.100933, 0.100933, 0.095000, 0.095000, 0.094700, 0.088933, 0.089000, 0.086400, 0.086333, 0.085633, 0.085533, 0.085533, 0.085600, 0.085600, 0.085533, 0.073867, 0.073867, 0.073933, 0.073867, 0.073867, 0.073833, 0.073400, 0.073333, 0.071133, 0.071067, 0.068000, 0.068067, 0.067867, 0.067867, 0.067800, 0.064233, 0.064300, 0.064167, 0.064167, 0.062267, 0.062333, 0.061900, 0.061833, 0.061833, 0.061767, 0.061833, 0.057867, 0.057933, 0.057933, 0.057933, 0.057933, 0.057933, 0.057167, 0.057233, 0.056167, 0.056167, 0.056233, 0.056067, 0.056033, 0.056100, 0.056033, 0.054500, 0.054500, 0.054433, 0.054433, 0.054367, 0.054367, 0.054033, 0.053967, 0.054033, 0.053967, 0.053967, 0.053133, 0.053067, 0.053133, 0.053133, 0.053133, 0.053133, 0.053133, 0.052533, 0.052600, 0.052600, 0.052533, 0.052600, 0.052533, 0.052200, 0.052267, 0.052200, 0.052267, 0.052067, 0.052067, 0.052133, 0.052133
0.433333, 0.051967, 0.052133, 0.052067, 0.052067, 0.052267, 0.052200, 0.052200, 0.052200, 0.052533, 0.052533, 0.052600, 0.052533, 0.052533, 0.052533, 0.053133, 0.053067, 0.053067, 0.053067, 0.053067, 0.053067, 0.053067, 0.053967, 0.054033, 0.054033, 0.053967, 0.053967, 0.054433, 0.054433, 0.054433, 0.054433, 0.054433, 0.054500, 0.056100, 0.056033, 0.056100, 0.056067, 0.056167, 0.056167, 0.056233, 0.057167, 0.057167, 0.057867, 0.057867, 0.057867, 0.057867, 0.057867, 0.057867, 0.061833, 0.061767, 0.061833, 0.061833, 0.061833, 0.062267, 0.062267, 0.064167, 0.064167, 0.064300, 0.064233, 0.067800, 0.067800, 0.067800, 0.068000, 0.068000, 0.071067, 0.071067, 0.073400, 0.073333, 0.073833, 0.073933, 0.073933, 0.073867, 0.073867, 0.073867, 0.085533, 0.085600, 0.085533, 0.085533, 0.085533, 0.085633, 0.086333, 0.086333, 0.088933, 0.089000, 0.094700, 0.094933, 0.094933, 0.100867, 0.100867, 0.101033, 0.105500, 0.105933, 0.105867, 0.105867, 0.105867, 0.115967, 0.115967, 0.115967, 0.116233, 0.117467, 0.124167, 0.124733, 0.124733, 0.124800, 0.133467, 0.133400, 0.133600, 0.137167, 0.137167, 0.146700, 0.147567, 0.147567, 0.156267, 0.156367, 0.162967, 0.162967, 0.168633, 0.171900, 0.173800, 0.175000, 0.175200, 0.175300, 0.175300, 0.175300, 0.175233, 0.175233, 0.307167, 0.298833, 0.306733, 0.433400, 0.374500, 0.733533, 0.811400, 0.990833, 0.858500, 0.937300, 0.810633, 0.676333, 0.771733, 0.866033, 0.162367, 0.238000, 0.328433, 0.137233, 0.137167, 0.133600, 0.133467, 0.133400, 0.124733, 0.124800, 0.124733, 0.124100, 0.117467, 0.116233, 0.115967, 0.116033, 0.116033, 0.105867, 0.105933, 0.105867, 0.105933, 0.105500, 0.101100, 0.100867, 0.100867, 0.095000, 0.094933, 0.094700, 0.089000, 0.088933, 0.086400, 0.086333, 0.085700, 0.085533, 0.085600, 0.085600, 0.085600, 0.085533, 0.073933, 0.073867, 0.073933, 0.073933, 0.073933, 0.073767, 0.073400, 0.073333, 0.071067, 0.071067, 0.068000, 0.068067, 0.067800, 0.067867, 0.067800, 0.064300, 0.064233, 0.064233, 0.064233, 0.062267, 0.062267, 0.061833, 0.061833, 0.061767, 0.061833, 0.061833, 0.057933, 0.057867, 0.057867, 0.057867, 0.057867, 0.057867, 0.057167, 0.057167, 0.056233, 0.056167, 0.056233, 0.056133, 0.056100, 0.056033, 0.056033, 0.054433, 0.054500, 0.054500, 0.054433, 0.054367, 0.054433, 0.053967, 0.053967, 0.054033, 0.053967, 0.053967, 0.053067, 0.053067, 0.053133, 0.053067, 0.053067, 0.053133, 0.053067, 0.052600, 0.052600, 0.052533, 0.052533, 0.052533, 0.052533, 0.052200, 0.052200, 0.052267, 0.052200, 0.052133, 0.052067, 0.052067, 0.052067
0.488889, 0.052033, 0.052067, 0.052133, 0.052067, 0.052200, 0.052200, 0.052200, 0.052200, 0.052600, 0.052600, 0.052533, 0.052533, 0.052600, 0.052533, 0.053133, 0.053133, 0.053133, 0.053067, 0.053067, 0.053133, 0.053067, 0.053967, 0.053967, 0.053967, 0.053967, 0.054033, 0.054367, 0.054367, 0.054433, 0.054433, 0.054433, 0.054433, 0.056033, 0.056033, 0.056033, 0.056067, 0.056167, 0.056167, 0.056167, 0.057167, 0.057167, 0.057867, 0.057867, 0.057867, 0.057867, 0.057867, 0.057867, 0.061767, 0.061833, 0.061767, 0.061767, 0.061900, 0.062333, 0.062333, 0.064167, 0.064233, 0.064300, 0.064233, 0.067867, 0.067800, 0.067867, 0.068067, 0.068000, 0.071067, 0.071067, 0.073333, 0.073400, 0.073767, 0.073867, 0.073867, 0.073933, 0.073867, 0.073933, 0.085600, 0.085533, 0.085600, 0.085600, 0.085533, 0.085633, 0.086333, 0.086333, 0.088933, 0.088933, 0.094700, 0.094933, 0.094933, 0.100867, 0.100867, 0.101100, 0.105433, 0.105867, 0.105867, 0.105867, 0.105867, 0.116033, 0.116033, 0.115967, 0.116300, 0.117400, 0.124100, 0.124733, 0.124733, 0.124733, 0.133467, 0.133467, 0.133600, 0.137233, 0.137167, 0.146767, 0.147567, 0.147567, 0.156267, 0.156367, 0.162967, 0.162967, 0.168700, 0.171900, 0.254667, 0.262833, 0.343667, 0.339333, 0.414367, 0.671033, 0.609800, 0.664867, 0.839033, 1.017100, 1.015733, 1.003000, 0.921100, 0.510133, 0.324467, 0.253667, 0.498767, 0.244967, 0.249367, 0.163033, 0.156367, 0.156333, 0.147567, 0.147567, 0.146700, 0.137233, 0.137233, 0.133600, 0.133400, 0.133400, 0.124800, 0.124800, 0.124733, 0.124167, 0.117400, 0.116233, 0.115967, 0.115967, 0.115967, 0.105867, 0.105867, 0.105867, 0.105867, 0.105433, 0.101033, 0.100867, 0.100933, 0.094933, 0.094933, 0.094767, 0.089000, 0.088933, 0.086400, 0.086333, 0.085633, 0.085600, 0.085533, 0.085533, 0.085533, 0.085600, 0.073867, 0.073867, 0.073933, 0.073867, 0.073867, 0.073833, 0.073400, 0.073400, 0.071067, 0.071133, 0.068000, 0.068000, 0.067800, 0.067867, 0.067800, 0.064233, 0.064233, 0.064167, 0.064167, 0.062333, 0.062267, 0.061900, 0.061767, 0.061833, 0.061767, 0.061767, 0.057933, 0.057867, 0.057933, 0.057867, 0.057867, 0.057867, 0.057233, 0.057167, 0.056233, 0.056167, 0.056233, 0.056067, 0.056100, 0.056033, 0.056033, 0.054433, 0.054433, 0.054433, 0.054433, 0.054433, 0.054433, 0.054033, 0.053967, 0.053967, 0.053967, 0.053967, 0.053133, 0.053067, 0.053067, 0.053067, 0.053133, 0.053133, 0.053133, 0.052533, 0.052533, 0.052533, 0.052600, 0.052533, 0.052533, 0.052267, 0.052200, 0.052267, 0.052200, 0.052067, 0.052133, 0.052067, 0.052067
0.544444, 0.052033, 0.052133, 0.052067, 0.052067, 0.052267, 0.052200, 0.052200, 0.052267, 0.052533, 0.052600, 0.052533, 0.052600, 0.052600, 0.052533, 0.053133, 0.053133, 0.053067, 0.053067, 0.053067, 0.053067, 0.053133, 0.054033, 0.054033, 0.053967, 0.053967, 0.054033, 0.054433, 0.054433, 0.054433, 0.054500, 0.054433, 0.054500, 0.056100, 0.056100, 0.056100, 0.056067, 0.056233, 0.056233, 0.056167, 0.057167, 0.057167, 0.057867, 0.057867, 0.057933, 0.057933, 0.057933, 0.057933, 0.061833, 0.061767, 0.061833, 0.061767, 0.061900, 0.062333, 0.062267, 0.064167, 0.064167, 0.064233, 0.064300, 0.067800, 0.067867, 0.067800, 0.068000, 0.068067, 0.071133, 0.071067, 0.073400, 0.073333, 0.073833, 0.073867, 0.073867, 0.073867, 0.073933, 0.073867, 0.085533, 0.085600, 0.085533, 0.085533, 0.085533, 0.085633, 0.086333, 0.086333, 0.088933, 0.089000, 0.094767, 0.094933, 0.094933, 0.100867, 0.100867, 0.101100, 0.105500, 0.105867, 0.105867, 0.105867, 0.105867, 0.116033, 0.115967, 0.116033, 0.116233, 0.117400, 0.124167, 0.124800, 0.124733, 0.124733, 0.133400, 0.133400, 0.133667, 0.137167, 0.137167, 0.146700, 0.147633, 0.229400, 0.156333, 0.247500, 0.430867, 0.575133, 0.679400, 0.851900, 0.941067, 0.923200, 1.016500, 1.009900, 0.909400, 0.803033, 0.535533, 0.359467, 0.251233, 0.175300, 0.256533, 0.175233, 0.175300, 0.175200, 0.175067, 0.173800, 0.171833, 0.168700, 0.162967, 0.162967, 0.156367, 0.156267, 0.147567, 0.147633, 0.146767, 0.137167, 0.137167, 0.133667, 0.133467, 0.133400, 0.124733, 0.124733, 0.124733, 0.124100, 0.117467, 0.116233, 0.116033, 0.115967, 0.116033, 0.105867, 0.105867, 0.105867, 0.105867, 0.105433, 0.101033, 0.100867, 0.100867, 0.094933, 0.094933, 0.094700, 0.088933, 0.089000, 0.086400, 0.086333, 0.085700, 0.085533, 0.085600, 0.085533, 0.085600, 0.085600, 0.073867, 0.073867, 0.073867, 0.073867, 0.073867, 0.073767, 0.073333, 0.073333, 0.071133, 0.071067, 0.068000, 0.068000, 0.067800, 0.067867, 0.067800, 0.064233, 0.064233, 0.064233, 0.064167, 0.062267, 0.062267, 0.061900, 0.061767, 0.061767, 0.061767, 0.061767, 0.057867, 0.057933, 0.057867, 0.057867, 0.057867, 0.057933, 0.057167, 0.057167, 0.056167, 0.056167, 0.056167, 0.056067, 0.056033, 0.056033, 0.056033, 0.054433, 0.054433, 0.054500, 0.054433, 0.054367, 0.054367, 0.053967, 0.054033, 0.054033, 0.053967, 0.053967, 0.053067, 0.053133, 0.053067, 0.053067, 0.053067, 0.053133, 0.053133, 0.052533, 0.052533, 0.052533, 0.052533, 0.052600, 0.052533, 0.052200, 0.052200, 0.052200, 0.052200, 0.052067, 0.052067, 0.052133, 0.052133
0.600000, 0.051967, 0.052067, 0.052133, 0.052133, 0.052200, 0.052200, 0.052267, 0.052267, 0.052533, 0.052533, 0.052600, 0.052600, 0.052600, 0.052600, 0.053067, 0.053133, 0.053067, 0.053133, 0.053067, 0.053133, 0.053133, 0.053967, 0.054033, 0.054033, 0.053967, 0.054033, 0.054367, 0.054367, 0.054433, 0.054433, 0.054433, 0.054500, 0.056033, 0.056100, 0.056100, 0.056133, 0.056233, 0.056233, 0.056167, 0.057233, 0.057167, 0.057867, 0.057933, 0.057933, 0.057933, 0.057933, 0.057933, 0.061833, 0.061833, 0.061833, 0.061767, 0.061900, 0.062333, 0.062267, 0.064167, 0.064167, 0.064300, 0.064233, 0.067867, 0.067800, 0.067800, 0.068000, 0.068067, 0.071067, 0.071133, 0.073333, 0.073400, 0.073833, 0.073867, 0.073867, 0.073933, 0.073867, 0.073867, 0.085600, 0.085600, 0.085533, 0.085600, 0.085600, 0.085633, 0.086400, 0.086333, 0.088933, 0.088933, 0.094700, 0.094933, 0.094933, 0.100933, 0.100867, 0.101033, 0.105433, 0.105933, 0.105867, 0.105933, 0.105933, 0.116033, 0.115967, 0.115967, 0.116233, 0.117467, 0.124100, 0.124800, 0.124733, 0.124733, 0.133467, 0.229500, 0.274433, 0.406867, 0.500933, 0.780100, 0.945167, 0.938100, 0.912900, 0.914267, 0.963500, 0.848100, 0.746100, 0.559233, 0.373333, 0.298000, 0.246533, 0.226200, 0.226267, 0.226200, 0.226200, 0.227067, 0.175233, 0.175233, 0.175300, 0.175300, 0.175233, 0.175200, 0.175000, 0.173800, 0.171833, 0.168633, 0.162967, 0.162967, 0.156433, 0.156267, 0.147567, 0.147567, 0.146700, 0.137167, 0.137233, 0.133600, 0.133467, 0.133467, 0.124733, 0.124733, 0.124733, 0.124100, 0.117400, 0.116300, 0.115967, 0.116033, 0.115967, 0.105867, 0.105867, 0.105867, 0.105867, 0.105433, 0.101033, 0.100867, 0.100867, 0.094933, 0.094933, 0.094700, 0.089000, 0.088933, 0.086333, 0.086333, 0.085633, 0.085600, 0.085533, 0.085533, 0.085533, 0.085533, 0.073867, 0.073867, 0.073867, 0.073867, 0.073867, 0.073767, 0.073333, 0.073400, 0.071067, 0.071133, 0.068000, 0.068000, 0.067800, 0.067800, 0.067800, 0.064300, 0.064233, 0.064167, 0.064167, 0.062267, 0.062333, 0.061833, 0.061833, 0.061767, 0.061833, 0.061767, 0.057867, 0.057867, 0.057867, 0.057867, 0.057867, 0.057867, 0.057167, 0.057167, 0.056167, 0.056167, 0.056167, 0.056067, 0.056033, 0.056033, 0.056033, 0.054433, 0.054500, 0.054433, 0.054433, 0.054367, 0.054367, 0.053967, 0.054033, 0.053967, 0.053967, 0.053967, 0.053067, 0.053133, 0.053133, 0.053067, 0.053067, 0.053067, 0.053067, 0.052533, 0.052533, 0.052533, 0.052533, 0.052533, 0.052533, 0.052200, 0.052267, 0.052200, 0.052200, 0.052067, 0.052067, 0.052067, 0.052067
